Count,Name,Edition,Edition Code,Card Number,Condition,Language,Foil,Signed,Artist Proof,Altered Art,Misprint,Promo,Textless,Printing Id,Printing Note
1,Force Spike,"","",,,,,,,,,,,,
5,Fury,"","",,,,,,,,,,,,
1,"Invasion of Ikoria // Zilortha, Apex of Ikoria",March of the Machine,MOM,190,,,,,,,,,,77284,
4,Jagged Barrens,"","",,,,,,,,,,,,
1,"Muldrotha, the Gravetide","","",,,,,,,,,,,,
1,Rakdos Charm,Time Spiral Remastered,TSR,384,,,,,,,,,,55770,
1,Simic Growth Chamber,"","",,,,,,,,,,,,
1,Sire of Seven Deaths,Foundations,fdn,292,,,,,,,,,,97469,
1,Spinner of Souls,Foundations,fdn,112,,,,,,,,,,97289,
1,Swords to Plowshares,"","",,,foil,,,,,,,,,
1,Swords to Plowshares,"","",,Japanese,foil,,,,,,,,,
1,Swords to Plowshares,"","",,,nonfoil,,,,,,,,,
1,Swords to Plowshares,"","",,Japanese,nonfoil,,,,,,,,,
1,Veil of Summer,"","",,,,,,,,,,,,
3,Vitu-Ghazi Inspector,"","",,,,,,,,,,,,

